               epoch,      train/box_loss,      train/obj_loss,      train/cls_loss,   metrics/precision,      metrics/recall,     metrics/mAP_0.5,metrics/mAP_0.5:0.95,        val/box_loss,        val/obj_loss,        val/cls_loss,               x/lr0,               x/lr1,               x/lr2
                   0,             0.13122,            0.025977,            0.044084,                   0,                   0,                   0,                   0,              0.1232,            0.026081,             0.04375,            0.070882,           0.0032353,           0.0032353
                   1,             0.12824,            0.024575,            0.043532,                   0,                   0,                   0,                   0,             0.12211,             0.02565,            0.043576,            0.040861,            0.006547,            0.006547
                   2,               0.128,            0.023386,            0.043364,          6.8842e-05,            0.058824,          4.6229e-05,          5.5558e-06,              0.1213,            0.025483,            0.043416,            0.010817,           0.0098366,           0.0098366
                   3,              0.1279,            0.021872,            0.042721,          0.00014544,             0.02165,          7.6469e-05,          2.1376e-05,             0.14027,            0.017826,            0.063272,            0.009901,            0.009901,            0.009901
                   4,             0.12774,            0.022574,            0.042358,                   0,                   0,                   0,                   0,             0.16482,            0.010666,              0.1731,            0.009901,            0.009901,            0.009901
                   5,             0.12742,            0.022465,            0.042148,                   0,                   0,                   0,                   0,             0.15973,           0.0082402,             0.14866,            0.009868,            0.009868,            0.009868
                   6,             0.12639,            0.021953,            0.041852,                   0,                   0,                   0,                   0,             0.15403,            0.007695,            0.071565,            0.009835,            0.009835,            0.009835
                   7,              0.1257,             0.02049,            0.040679,                   0,                   0,                   0,                   0,             0.15351,           0.0066283,            0.072104,            0.009802,            0.009802,            0.009802
                   8,             0.12384,            0.020205,            0.040227,                   0,                   0,                   0,                   0,             0.14959,           0.0076828,            0.056658,            0.009769,            0.009769,            0.009769
                   9,             0.12472,            0.018929,            0.039611,                   0,                   0,                   0,                   0,             0.14906,           0.0079798,            0.056813,            0.009736,            0.009736,            0.009736
                  10,             0.12295,            0.019776,            0.039199,          0.00033625,            0.027778,          0.00032892,          6.0052e-05,             0.14001,            0.010836,            0.048654,            0.009703,            0.009703,            0.009703
                  11,             0.12227,            0.020003,              0.0382,           3.594e-05,            0.014706,          2.0782e-05,          2.0782e-06,             0.12054,            0.017288,            0.041019,             0.00967,             0.00967,             0.00967
                  12,             0.12276,            0.018192,            0.036838,          0.00011216,           0.0069444,          5.9296e-05,          5.9296e-06,             0.11686,            0.018824,            0.042399,            0.009637,            0.009637,            0.009637
                  13,             0.12184,            0.018252,            0.035917,          6.0643e-05,            0.029412,          3.4085e-05,          6.8171e-06,             0.11588,            0.018957,            0.042602,            0.009604,            0.009604,            0.009604
                  14,             0.12206,            0.016707,            0.035594,          5.4603e-05,            0.029412,          3.0522e-05,          6.1044e-06,             0.11665,            0.018627,            0.043759,            0.009571,            0.009571,            0.009571
                  15,             0.12179,            0.017147,            0.035415,          2.9586e-05,            0.014706,          1.5666e-05,          3.1332e-06,             0.11758,            0.018428,            0.045507,            0.009538,            0.009538,            0.009538
                  16,             0.12167,            0.017363,            0.035885,          0.00029651,             0.12459,          0.00019248,          2.8552e-05,               0.118,            0.018036,            0.045878,            0.009505,            0.009505,            0.009505
                  17,             0.12021,            0.017118,            0.035305,          0.00013654,            0.073529,          0.00010087,          1.8611e-05,             0.11862,            0.017618,            0.046247,            0.009472,            0.009472,            0.009472
                  18,             0.12121,            0.017162,            0.034833,          0.00029773,             0.10212,          0.00018308,          2.8344e-05,             0.11736,            0.017671,            0.045066,            0.009439,            0.009439,            0.009439
                  19,             0.11895,            0.016935,            0.034049,          0.00051069,             0.14461,          0.00035874,          6.2247e-05,             0.11434,            0.018483,            0.042765,            0.009406,            0.009406,            0.009406
                  20,             0.11857,            0.017187,            0.034342,          0.00070756,             0.12827,          0.00050575,          7.2452e-05,             0.11303,            0.018891,            0.042947,            0.009373,            0.009373,            0.009373
                  21,             0.11921,            0.016711,             0.03374,          0.00014013,            0.073529,          9.2492e-05,          1.5862e-05,             0.11521,            0.018283,            0.046975,             0.00934,             0.00934,             0.00934
                  22,             0.11691,            0.016765,            0.032855,          0.00016128,            0.051062,          0.00086015,          0.00017339,             0.11147,            0.019406,            0.044745,            0.009307,            0.009307,            0.009307
                  23,             0.11568,            0.018503,             0.03234,          0.00067363,             0.14461,           0.0025244,          0.00042895,             0.10955,            0.020037,            0.043096,            0.009274,            0.009274,            0.009274
                  24,             0.11508,             0.01869,             0.03237,          0.00048897,             0.12296,          0.00058185,          0.00010509,              0.1089,            0.019987,            0.043372,            0.009241,            0.009241,            0.009241
                  25,             0.11392,            0.018348,            0.031573,          0.00081684,             0.16462,          0.00070504,          0.00016857,             0.10631,            0.021167,            0.041575,            0.009208,            0.009208,            0.009208
                  26,             0.11132,            0.019433,            0.031897,          0.00034924,             0.10131,          0.00031231,          7.6286e-05,             0.10978,            0.019646,            0.043597,            0.009175,            0.009175,            0.009175
                  27,              0.1096,            0.019752,            0.031494,          0.00078617,             0.15686,          0.00058418,          0.00016782,             0.10806,            0.019894,            0.042853,            0.009142,            0.009142,            0.009142
                  28,              0.1107,            0.018692,             0.03113,           0.0012241,             0.23489,           0.0016861,          0.00042913,              0.1046,            0.020748,            0.041443,            0.009109,            0.009109,            0.009109
                  29,             0.10872,             0.01985,            0.031909,          0.00014996,            0.065768,           0.0001114,          2.7942e-05,             0.11226,            0.019513,            0.044851,            0.009076,            0.009076,            0.009076
                  30,              0.1086,            0.019565,            0.030652,           0.0016708,             0.26348,            0.003156,          0.00089253,             0.10402,            0.020596,            0.041563,            0.009043,            0.009043,            0.009043
                  31,             0.10702,            0.019096,            0.029824,           0.0012728,             0.28431,           0.0021266,          0.00052185,             0.10682,            0.020373,            0.038187,             0.00901,             0.00901,             0.00901
                  32,             0.10421,            0.020424,            0.029493,           0.0015581,             0.32925,           0.0059082,           0.0020434,             0.10286,            0.020797,            0.040414,            0.008977,            0.008977,            0.008977
                  33,             0.10429,            0.020458,            0.029066,           0.0014296,             0.32312,           0.0064354,           0.0017642,             0.10166,            0.020723,            0.038474,            0.008944,            0.008944,            0.008944
                  34,             0.10361,            0.019304,            0.030094,          0.00057476,             0.18627,          0.00041586,          0.00011418,             0.11588,            0.018831,            0.045324,            0.008911,            0.008911,            0.008911
                  35,             0.10064,            0.020837,            0.028505,           0.0011418,             0.19935,           0.0011849,          0.00029388,             0.10445,            0.021006,             0.04437,            0.008878,            0.008878,            0.008878
                  36,             0.10341,            0.020482,            0.029468,          0.00066657,             0.16626,            0.000462,          0.00012146,             0.10544,            0.021784,            0.046831,            0.008845,            0.008845,            0.008845
                  37,             0.10206,            0.021463,            0.029355,             0.76495,            0.048611,           0.0074287,           0.0021126,            0.094887,            0.022537,            0.042609,            0.008812,            0.008812,            0.008812
                  38,            0.097739,            0.022232,            0.027484,             0.76958,            0.048611,            0.023947,           0.0062796,            0.096263,            0.021687,            0.043068,            0.008779,            0.008779,            0.008779
                  39,             0.10081,            0.021869,            0.027699,             0.50846,              0.1777,            0.011173,           0.0028061,            0.096415,            0.020911,            0.039494,            0.008746,            0.008746,            0.008746
                  40,            0.096531,            0.022844,            0.028524,             0.53038,             0.10417,            0.047356,            0.013845,            0.094263,            0.020629,            0.035452,            0.008713,            0.008713,            0.008713
                  41,            0.095458,             0.02097,            0.027184,             0.51814,            0.058007,            0.041629,           0.0063014,            0.094726,            0.021118,            0.040822,             0.00868,             0.00868,             0.00868
                  42,            0.093623,            0.020182,            0.026992,             0.53876,            0.083333,               0.031,           0.0094852,            0.096072,            0.020207,               0.036,            0.008647,            0.008647,            0.008647
                  43,            0.091417,            0.022508,            0.026703,             0.52844,            0.049586,            0.015169,             0.00488,            0.095774,            0.019755,            0.040059,            0.008614,            0.008614,            0.008614
                  44,            0.095739,            0.020811,            0.026812,             0.61437,            0.091077,            0.067845,            0.025982,            0.091778,            0.019333,            0.036178,            0.008581,            0.008581,            0.008581
                  45,            0.093536,             0.02057,            0.025608,             0.50412,            0.012685,            0.010437,           0.0023274,             0.10219,            0.020651,             0.04114,            0.008548,            0.008548,            0.008548
                  46,            0.092628,            0.019674,            0.026053,              0.6104,            0.088693,            0.046268,            0.010235,            0.093404,            0.020592,            0.036884,            0.008515,            0.008515,            0.008515
                  47,            0.091837,             0.02076,            0.025343,             0.56384,             0.08415,            0.039827,              0.0117,            0.090314,             0.02089,            0.034673,            0.008482,            0.008482,            0.008482
                  48,            0.085498,            0.019589,            0.025345,             0.53229,              0.1058,            0.018898,             0.00421,            0.098341,            0.019652,            0.032672,            0.008449,            0.008449,            0.008449
                  49,            0.088482,            0.019404,            0.023552,             0.27494,             0.10907,            0.012825,           0.0043896,            0.094619,            0.019315,            0.044669,            0.008416,            0.008416,            0.008416
                  50,            0.089637,            0.021491,            0.022652,             0.27068,             0.11683,            0.018916,           0.0058102,            0.095682,            0.018315,            0.051057,            0.008383,            0.008383,            0.008383
                  51,            0.086074,            0.021862,            0.023965,             0.52277,             0.10989,            0.021209,           0.0066332,            0.096836,            0.018838,            0.044579,             0.00835,             0.00835,             0.00835
                  52,            0.088829,            0.019412,            0.023759,             0.58867,             0.18802,            0.088831,            0.025945,            0.088607,            0.018331,             0.03235,            0.008317,            0.008317,            0.008317
                  53,            0.083545,            0.019436,            0.022333,             0.56926,             0.18393,            0.068938,             0.02013,            0.091713,            0.018612,            0.029509,            0.008284,            0.008284,            0.008284
                  54,            0.087223,            0.018679,             0.02346,             0.57041,             0.11812,            0.089627,              0.0261,            0.090348,            0.018877,            0.030499,            0.008251,            0.008251,            0.008251
                  55,            0.086861,            0.018079,             0.02053,             0.60169,              0.1491,             0.09857,            0.030674,            0.092143,            0.018079,            0.031305,            0.008218,            0.008218,            0.008218
                  56,            0.083057,            0.018657,            0.019318,             0.12505,             0.26797,             0.12489,            0.042018,            0.087084,            0.019105,             0.02609,            0.008185,            0.008185,            0.008185
                  57,             0.08305,            0.017667,             0.01964,            0.095227,             0.17075,              0.1133,            0.035307,            0.086397,            0.018766,            0.037488,            0.008152,            0.008152,            0.008152
                  58,            0.082635,            0.017373,            0.020144,             0.14622,             0.16462,            0.080236,            0.030525,            0.090447,            0.019176,            0.068175,            0.008119,            0.008119,            0.008119
                  59,            0.082362,            0.018009,            0.016595,             0.12257,             0.12582,             0.07035,            0.026102,            0.088128,            0.019289,            0.027811,            0.008086,            0.008086,            0.008086
                  60,            0.081202,            0.018877,            0.017563,             0.14809,             0.21936,             0.10447,            0.031733,            0.086771,            0.017805,            0.033454,            0.008053,            0.008053,            0.008053
                  61,            0.081481,            0.016914,            0.018884,             0.10086,             0.17688,            0.081782,            0.023235,            0.088128,            0.020894,            0.050593,             0.00802,             0.00802,             0.00802
                  62,            0.080733,            0.017223,            0.017743,             0.17613,             0.18549,            0.090694,            0.026777,            0.090372,            0.019525,            0.030088,            0.007987,            0.007987,            0.007987
                  63,            0.080672,            0.015711,            0.017386,             0.22554,             0.20613,            0.076086,            0.025593,            0.087014,             0.01793,            0.037459,            0.007954,            0.007954,            0.007954
                  64,            0.078255,            0.015802,            0.016206,              0.0343,            0.088235,            0.031854,           0.0090959,            0.094142,            0.018669,            0.053561,            0.007921,            0.007921,            0.007921
                  65,            0.082936,            0.016904,            0.018081,            0.043366,             0.18015,            0.030498,           0.0087029,            0.088176,            0.017944,            0.059345,            0.007888,            0.007888,            0.007888
                  66,            0.079529,            0.018089,            0.016899,            0.098417,             0.21487,            0.068622,            0.021842,            0.092513,            0.017211,             0.03049,            0.007855,            0.007855,            0.007855
                  67,            0.078844,            0.017308,            0.016865,            0.049457,             0.15237,            0.044613,            0.010553,            0.088476,            0.018282,            0.039073,            0.007822,            0.007822,            0.007822
                  68,            0.079932,            0.015502,            0.015567,            0.059865,             0.21895,            0.065375,            0.019677,            0.086376,            0.017948,            0.040029,            0.007789,            0.007789,            0.007789
                  69,            0.077814,            0.016364,            0.014453,             0.23998,             0.20372,             0.13864,            0.033941,            0.084815,            0.018107,            0.032976,            0.007756,            0.007756,            0.007756
                  70,            0.079305,            0.016291,              0.0157,             0.22426,             0.25041,             0.14554,            0.047369,            0.083633,            0.018141,            0.024203,            0.007723,            0.007723,            0.007723
                  71,            0.074781,            0.016462,            0.015476,             0.47899,             0.16708,            0.095361,             0.02538,            0.084085,            0.018575,            0.036212,             0.00769,             0.00769,             0.00769
                  72,            0.076258,            0.015793,            0.014152,            0.074678,             0.17402,            0.055466,            0.018109,            0.082296,            0.017639,            0.052304,            0.007657,            0.007657,            0.007657
                  73,            0.076327,            0.016369,            0.014924,             0.45093,             0.19192,             0.14953,            0.050913,            0.081742,            0.017899,            0.029658,            0.007624,            0.007624,            0.007624
                  74,            0.074946,            0.015899,            0.014744,              0.2892,             0.18954,             0.11044,            0.037637,            0.080489,            0.018153,            0.052876,            0.007591,            0.007591,            0.007591
                  75,            0.077168,            0.015897,            0.014768,             0.19557,             0.23652,             0.15787,            0.055592,            0.079806,             0.01725,            0.049334,            0.007558,            0.007558,            0.007558
                  76,            0.074045,            0.015676,            0.012949,             0.20799,             0.27339,             0.15044,            0.044466,            0.079795,            0.017614,            0.037944,            0.007525,            0.007525,            0.007525
                  77,            0.073776,            0.015157,            0.012178,             0.23987,             0.22263,             0.14773,             0.05162,            0.081256,             0.01719,            0.037949,            0.007492,            0.007492,            0.007492
                  78,            0.074383,            0.015119,            0.012813,             0.14011,             0.22958,             0.10113,            0.029086,            0.079563,            0.018681,            0.035585,            0.007459,            0.007459,            0.007459
                  79,            0.072843,            0.014458,            0.012628,             0.13337,             0.26008,             0.11568,            0.034511,            0.080825,            0.017575,            0.051999,            0.007426,            0.007426,            0.007426
                  80,            0.076545,            0.015426,            0.013638,             0.12711,             0.24755,            0.095726,            0.038328,            0.080992,            0.016843,            0.061492,            0.007393,            0.007393,            0.007393
                  81,            0.073807,            0.015742,            0.011941,             0.14585,             0.25123,             0.11877,            0.037572,            0.079346,            0.017349,             0.04289,             0.00736,             0.00736,             0.00736
                  82,            0.069868,            0.014696,            0.012021,             0.24228,             0.32067,             0.18258,            0.056214,             0.08006,            0.017946,            0.027432,            0.007327,            0.007327,            0.007327
                  83,            0.074327,             0.01571,             0.01183,             0.24798,             0.35008,             0.22743,            0.071897,            0.082382,            0.016741,             0.02107,            0.007294,            0.007294,            0.007294
                  84,            0.072093,            0.014609,            0.010733,             0.19606,             0.28676,              0.1569,            0.056202,            0.080192,             0.01718,            0.041131,            0.007261,            0.007261,            0.007261
                  85,             0.06986,            0.014846,            0.010538,             0.21858,             0.30923,             0.19659,             0.06025,            0.079372,            0.017356,            0.038098,            0.007228,            0.007228,            0.007228
                  86,            0.070859,            0.014835,            0.010943,             0.18857,             0.26675,             0.16501,            0.056841,            0.078693,            0.017422,             0.04179,            0.007195,            0.007195,            0.007195
                  87,            0.070522,            0.014528,            0.011002,             0.19738,             0.22018,             0.16794,            0.064991,            0.080188,            0.018709,             0.02245,            0.007162,            0.007162,            0.007162
                  88,             0.07037,            0.014819,            0.010672,             0.19849,             0.23121,             0.17022,            0.059613,            0.078953,            0.018545,            0.033812,            0.007129,            0.007129,            0.007129
                  89,            0.068904,            0.013997,           0.0098052,             0.37167,             0.28238,              0.2765,             0.09116,            0.075851,            0.016346,            0.022121,            0.007096,            0.007096,            0.007096
                  90,            0.069074,            0.013771,           0.0093549,             0.34278,             0.31619,              0.2592,            0.092725,            0.075675,            0.016383,             0.02273,            0.007063,            0.007063,            0.007063
                  91,            0.068141,            0.013672,             0.00915,             0.17259,             0.24101,             0.16703,            0.059852,            0.079145,            0.016732,            0.035996,             0.00703,             0.00703,             0.00703
                  92,            0.066296,            0.014258,           0.0093627,             0.19988,             0.25245,             0.19543,            0.062015,             0.07671,             0.01842,            0.021554,            0.006997,            0.006997,            0.006997
                  93,            0.067635,            0.015254,            0.009385,             0.14278,             0.19771,             0.11575,            0.044654,            0.079607,            0.017956,            0.037955,            0.006964,            0.006964,            0.006964
                  94,            0.068495,            0.013694,            0.010669,             0.18584,             0.25712,             0.17984,            0.056757,            0.077434,            0.017339,            0.055607,            0.006931,            0.006931,            0.006931
                  95,            0.069601,            0.013261,           0.0092617,             0.17819,             0.27614,             0.14296,            0.036599,              0.0777,            0.017151,            0.064009,            0.006898,            0.006898,            0.006898
                  96,            0.070379,            0.013408,           0.0092046,             0.17343,             0.13766,             0.10031,            0.043367,            0.076002,            0.016921,            0.061286,            0.006865,            0.006865,            0.006865
                  97,               0.067,            0.013755,           0.0087351,             0.13737,             0.28064,             0.13976,            0.047063,             0.07767,            0.016242,            0.043076,            0.006832,            0.006832,            0.006832
                  98,            0.066228,            0.013319,           0.0094824,             0.20095,             0.33619,             0.16723,             0.05327,            0.081595,            0.016835,            0.027686,            0.006799,            0.006799,            0.006799
                  99,            0.070257,            0.013467,           0.0096734,             0.20515,             0.29198,             0.18551,            0.059829,            0.076754,            0.016993,            0.026129,            0.006766,            0.006766,            0.006766
                 100,            0.065918,            0.014435,            0.008721,             0.53968,             0.19137,             0.17568,            0.066225,            0.076377,            0.017209,            0.031935,            0.006733,            0.006733,            0.006733
                 101,            0.064639,            0.013971,            0.009518,             0.58857,             0.18887,             0.18613,            0.067007,            0.078752,            0.017893,             0.02103,              0.0067,              0.0067,              0.0067
                 102,            0.063525,            0.012922,           0.0096199,             0.21515,              0.2359,              0.1817,            0.051012,             0.07814,            0.016934,            0.054868,            0.006667,            0.006667,            0.006667
                 103,            0.065343,             0.01414,           0.0090018,             0.26756,             0.26757,             0.22333,            0.078701,            0.074941,            0.018371,            0.034383,            0.006634,            0.006634,            0.006634
                 104,            0.068044,            0.013287,           0.0096534,             0.35391,             0.25204,             0.24999,            0.081251,            0.075221,            0.018691,            0.031086,            0.006601,            0.006601,            0.006601
                 105,            0.064968,            0.013703,           0.0096653,             0.27202,             0.40033,             0.25432,            0.085059,             0.07577,            0.017649,            0.029661,            0.006568,            0.006568,            0.006568
                 106,            0.064633,            0.012886,           0.0086402,             0.23281,             0.32245,             0.23783,            0.084404,            0.075319,            0.017429,            0.055129,            0.006535,            0.006535,            0.006535
                 107,            0.064079,            0.013613,           0.0089231,             0.25276,             0.37539,             0.23446,            0.092468,            0.072779,            0.018213,            0.038331,            0.006502,            0.006502,            0.006502
                 108,            0.063343,             0.01442,           0.0081729,             0.26975,             0.36315,             0.23406,            0.078905,             0.07408,            0.016612,            0.035016,            0.006469,            0.006469,            0.006469
                 109,             0.06671,            0.012249,           0.0085379,              0.2187,             0.35621,             0.21442,            0.085488,            0.071878,             0.01586,            0.036391,            0.006436,            0.006436,            0.006436
                 110,            0.064082,            0.012208,           0.0074824,              0.2959,             0.36397,             0.28094,              0.1074,            0.069969,            0.015926,            0.034128,            0.006403,            0.006403,            0.006403
                 111,            0.062649,            0.013367,           0.0074772,             0.29592,             0.39257,             0.24423,            0.091884,            0.071652,            0.016057,            0.028053,             0.00637,             0.00637,             0.00637
                 112,            0.062143,            0.013034,           0.0075973,             0.29384,             0.37949,             0.25838,            0.097967,            0.070435,            0.016389,            0.030296,            0.006337,            0.006337,            0.006337
                 113,            0.061067,            0.012562,             0.00707,             0.27822,             0.31457,             0.23009,             0.07633,            0.075543,            0.016248,              0.0349,            0.006304,            0.006304,            0.006304
                 114,            0.062332,            0.012505,           0.0079126,             0.30833,             0.37392,             0.29181,            0.092204,             0.07508,             0.01762,            0.030274,            0.006271,            0.006271,            0.006271
                 115,            0.061359,            0.012256,            0.006819,             0.23389,             0.24632,             0.23699,            0.083255,             0.07715,            0.016831,            0.031816,            0.006238,            0.006238,            0.006238
                 116,            0.064606,            0.013868,           0.0080234,             0.26279,             0.33619,             0.24753,            0.093616,            0.074926,            0.016315,            0.034158,            0.006205,            0.006205,            0.006205
                 117,            0.062407,            0.012861,           0.0075172,             0.39065,             0.32113,             0.31129,             0.10685,            0.073638,            0.016414,            0.025981,            0.006172,            0.006172,            0.006172
                 118,            0.060398,            0.013571,           0.0075065,             0.39001,             0.37276,             0.27383,            0.091618,            0.072354,            0.016003,            0.041622,            0.006139,            0.006139,            0.006139
                 119,            0.059352,            0.012945,           0.0078142,             0.31205,              0.3464,             0.24933,            0.082926,            0.075013,            0.015431,            0.036622,            0.006106,            0.006106,            0.006106
                 120,            0.060359,            0.013238,           0.0073294,             0.29501,             0.28226,             0.22001,            0.077652,            0.073437,             0.01646,            0.043747,            0.006073,            0.006073,            0.006073
                 121,            0.059649,            0.012755,           0.0074359,             0.26682,             0.30147,             0.25847,            0.082042,            0.074951,            0.017122,            0.036342,             0.00604,             0.00604,             0.00604
                 122,            0.059522,            0.012788,           0.0069736,             0.20395,             0.29544,               0.179,            0.058512,            0.075507,            0.015944,            0.060051,            0.006007,            0.006007,            0.006007
                 123,            0.060589,            0.012243,           0.0069705,             0.34368,             0.33179,             0.28423,              0.1029,            0.071406,            0.016881,             0.03492,            0.005974,            0.005974,            0.005974
                 124,            0.060092,            0.012051,           0.0074634,             0.31345,             0.28458,              0.2158,            0.077267,            0.073097,            0.015655,            0.048761,            0.005941,            0.005941,            0.005941
                 125,            0.060928,            0.013443,           0.0068243,             0.41788,             0.29355,             0.25524,            0.093119,            0.073344,            0.016363,             0.03998,            0.005908,            0.005908,            0.005908
                 126,             0.05981,            0.011528,           0.0059711,             0.50586,             0.27576,              0.3015,             0.12024,            0.073501,            0.016672,            0.032741,            0.005875,            0.005875,            0.005875
                 127,            0.058021,            0.011999,           0.0064034,             0.19535,             0.29984,             0.19489,            0.071051,            0.077102,            0.016677,            0.043424,            0.005842,            0.005842,            0.005842
                 128,            0.058517,            0.012234,           0.0059251,             0.41628,             0.34791,             0.26375,             0.10421,            0.072414,             0.01652,            0.037458,            0.005809,            0.005809,            0.005809
                 129,            0.057406,            0.012633,           0.0058204,             0.31575,             0.30555,             0.24485,            0.085187,            0.074164,            0.016261,            0.037695,            0.005776,            0.005776,            0.005776
                 130,            0.058281,            0.012609,           0.0072013,             0.35995,             0.28676,             0.26394,             0.10463,            0.072866,            0.016996,            0.035194,            0.005743,            0.005743,            0.005743
                 131,            0.059694,             0.01132,           0.0067982,              0.3867,             0.39338,             0.32873,             0.12582,            0.071421,            0.017545,            0.028704,             0.00571,             0.00571,             0.00571
                 132,            0.056196,            0.012088,            0.005789,             0.41241,             0.43743,             0.36912,             0.14632,            0.069376,            0.016516,            0.023958,            0.005677,            0.005677,            0.005677
                 133,            0.058061,            0.011296,           0.0065675,             0.31166,             0.35945,             0.31889,             0.12822,            0.070962,            0.016305,            0.019887,            0.005644,            0.005644,            0.005644
                 134,            0.056007,             0.01219,           0.0059693,             0.34053,              0.3174,             0.30623,             0.10018,            0.074307,            0.016461,             0.02071,            0.005611,            0.005611,            0.005611
                 135,            0.057758,             0.01258,           0.0066114,             0.33343,             0.39706,             0.33176,              0.1231,            0.070107,            0.015215,            0.024887,            0.005578,            0.005578,            0.005578
                 136,            0.056677,            0.012258,           0.0060926,             0.36274,             0.29901,             0.30294,             0.10628,            0.073311,             0.01574,            0.028864,            0.005545,            0.005545,            0.005545
                 137,            0.056745,            0.012314,            0.006746,             0.27232,             0.32778,             0.27544,            0.091587,            0.072558,            0.016453,            0.023203,            0.005512,            0.005512,            0.005512
                 138,            0.054319,            0.010873,           0.0055157,             0.39178,             0.32925,             0.27659,            0.094788,            0.075275,            0.017553,            0.026085,            0.005479,            0.005479,            0.005479
                 139,            0.054674,            0.011474,           0.0071062,             0.36762,             0.37029,             0.27478,            0.094177,            0.073973,            0.017173,            0.036013,            0.005446,            0.005446,            0.005446
                 140,            0.056227,            0.012474,           0.0062343,             0.28942,             0.23243,             0.23821,            0.076459,            0.076667,            0.017239,            0.026603,            0.005413,            0.005413,            0.005413
                 141,            0.052508,            0.012263,           0.0065604,             0.31073,             0.29044,             0.25699,            0.096019,            0.075333,             0.01615,            0.024656,             0.00538,             0.00538,             0.00538
                 142,            0.055649,            0.010808,           0.0065739,             0.38566,              0.3415,             0.28163,            0.096217,            0.074233,            0.015823,            0.025578,            0.005347,            0.005347,            0.005347
                 143,             0.05801,            0.011426,           0.0062655,             0.42934,             0.26833,             0.25802,            0.088833,            0.072243,            0.017587,            0.029975,            0.005314,            0.005314,            0.005314
                 144,            0.054564,            0.011663,           0.0065284,             0.44315,             0.28835,             0.27589,            0.099767,            0.071967,            0.018023,            0.027207,            0.005281,            0.005281,            0.005281
                 145,            0.054987,            0.012347,           0.0061436,             0.46503,             0.29984,             0.30425,             0.10735,            0.072251,            0.016565,            0.027754,            0.005248,            0.005248,            0.005248
                 146,            0.057162,            0.012383,           0.0062126,             0.40199,             0.27124,             0.26814,            0.095828,            0.073161,            0.016683,            0.029889,            0.005215,            0.005215,            0.005215
                 147,            0.055738,            0.011864,           0.0063971,             0.42471,             0.27753,             0.26468,            0.089817,            0.074804,            0.017018,            0.032433,            0.005182,            0.005182,            0.005182
                 148,            0.058883,            0.012203,           0.0065133,             0.33407,             0.30229,             0.23526,            0.090939,            0.074036,              0.0173,            0.040637,            0.005149,            0.005149,            0.005149
                 149,            0.054668,            0.011565,           0.0058731,             0.22804,             0.31983,             0.18379,            0.057494,            0.077408,            0.017222,            0.048879,            0.005116,            0.005116,            0.005116
                 150,            0.056904,            0.011707,           0.0060541,             0.22679,             0.30565,             0.21988,            0.079322,            0.074873,             0.01598,             0.04655,            0.005083,            0.005083,            0.005083
                 151,            0.055927,            0.011964,           0.0055685,             0.36623,             0.34477,             0.28787,              0.1012,            0.073931,            0.016085,            0.043498,             0.00505,             0.00505,             0.00505
                 152,            0.052791,            0.012176,           0.0060948,             0.33647,             0.29864,             0.26554,             0.11156,            0.072143,            0.015773,            0.047753,            0.005017,            0.005017,            0.005017
                 153,            0.054061,            0.011595,           0.0052289,             0.35905,             0.34396,             0.29452,             0.11202,            0.072486,            0.016451,            0.037598,            0.004984,            0.004984,            0.004984
                 154,            0.052604,            0.012563,           0.0063302,             0.34921,             0.26557,             0.29984,              0.1112,            0.072795,            0.018152,            0.031372,            0.004951,            0.004951,            0.004951
                 155,            0.051771,            0.011499,           0.0058025,             0.36405,             0.29453,             0.28144,             0.11492,             0.07264,            0.018106,            0.034053,            0.004918,            0.004918,            0.004918
                 156,             0.05451,             0.01126,           0.0065103,             0.45494,             0.28962,             0.28149,             0.10446,            0.072804,            0.017373,            0.030187,            0.004885,            0.004885,            0.004885
                 157,            0.054318,            0.011789,           0.0059578,             0.42413,             0.39668,             0.32882,             0.13181,            0.070843,            0.016041,            0.026652,            0.004852,            0.004852,            0.004852
                 158,            0.051687,             0.01106,           0.0049356,             0.37153,             0.39175,             0.30704,             0.11348,            0.073017,            0.016033,            0.027372,            0.004819,            0.004819,            0.004819
                 159,            0.053384,            0.012704,           0.0059497,             0.27387,             0.30596,             0.27122,             0.10589,            0.073271,            0.017462,            0.027601,            0.004786,            0.004786,            0.004786
                 160,            0.053806,            0.011679,           0.0058271,             0.36738,             0.26173,             0.24411,            0.089006,             0.07374,            0.017683,            0.030215,            0.004753,            0.004753,            0.004753
                 161,             0.05423,            0.011371,           0.0053972,             0.29784,             0.27982,             0.23374,            0.076509,            0.073703,            0.018748,            0.034898,             0.00472,             0.00472,             0.00472
                 162,             0.05299,            0.010764,           0.0064172,             0.21452,              0.2121,             0.18811,            0.077284,            0.073545,            0.018643,            0.047344,            0.004687,            0.004687,            0.004687
                 163,            0.052719,            0.011807,            0.005546,              0.3615,             0.21319,             0.22536,            0.085755,            0.076315,             0.01953,             0.03439,            0.004654,            0.004654,            0.004654
                 164,             0.05305,            0.011215,           0.0061138,             0.19306,             0.27451,             0.18712,            0.075124,            0.073274,            0.016854,            0.055978,            0.004621,            0.004621,            0.004621
                 165,            0.053142,            0.011024,            0.006225,             0.30698,              0.3701,             0.26813,              0.1114,            0.071381,            0.016447,            0.034701,            0.004588,            0.004588,            0.004588
                 166,             0.05076,            0.011585,           0.0054854,             0.33413,              0.3027,             0.30061,             0.11609,            0.074509,            0.016317,            0.022783,            0.004555,            0.004555,            0.004555
                 167,            0.052301,            0.011694,           0.0051421,             0.38349,             0.25825,             0.29113,             0.10907,            0.074649,            0.015743,            0.027149,            0.004522,            0.004522,            0.004522
                 168,            0.050425,            0.012543,           0.0050619,             0.34987,             0.35948,              0.2409,            0.074886,            0.076835,            0.015201,            0.042672,            0.004489,            0.004489,            0.004489
                 169,            0.052082,            0.011261,           0.0059782,             0.41124,              0.3824,             0.28945,            0.097231,            0.073242,            0.016106,            0.041877,            0.004456,            0.004456,            0.004456
                 170,            0.051666,            0.010426,            0.005691,             0.45271,             0.34172,             0.28523,            0.091871,            0.073509,             0.01626,            0.037393,            0.004423,            0.004423,            0.004423
                 171,            0.050382,            0.010479,           0.0053298,              0.4354,             0.28424,             0.28043,             0.09729,            0.074304,            0.016636,              0.0349,             0.00439,             0.00439,             0.00439
                 172,            0.050655,            0.011888,           0.0053973,             0.45884,             0.22619,             0.24895,             0.09346,            0.072304,            0.019837,            0.038146,            0.004357,            0.004357,            0.004357
                 173,            0.051732,            0.010447,           0.0056262,             0.54437,             0.19485,             0.21965,            0.087875,            0.073412,            0.020001,            0.048806,            0.004324,            0.004324,            0.004324
                 174,            0.049481,            0.011267,           0.0046964,             0.23169,             0.20861,             0.16214,            0.071906,            0.073049,            0.019179,            0.061087,            0.004291,            0.004291,            0.004291
                 175,            0.049061,            0.010802,            0.004858,             0.21437,             0.22794,             0.19916,              0.0795,            0.072718,            0.018541,            0.047667,            0.004258,            0.004258,            0.004258
                 176,            0.049459,            0.012003,            0.005006,             0.22554,              0.3223,               0.221,            0.079908,            0.072836,            0.017942,            0.047011,            0.004225,            0.004225,            0.004225
                 177,            0.049554,            0.011405,           0.0052537,             0.24201,             0.32855,             0.20245,            0.075535,            0.072424,            0.017741,            0.044462,            0.004192,            0.004192,            0.004192
                 178,            0.048192,            0.010762,           0.0055496,             0.46989,             0.14885,             0.19022,            0.070913,            0.073715,            0.019476,            0.045156,            0.004159,            0.004159,            0.004159
                 179,            0.048398,            0.010814,           0.0053586,             0.27615,             0.27614,              0.2073,            0.071358,            0.072863,            0.018806,            0.059044,            0.004126,            0.004126,            0.004126
                 180,            0.049939,            0.010977,           0.0057702,             0.35212,             0.27614,             0.18809,            0.070725,            0.071678,             0.01671,            0.067379,            0.004093,            0.004093,            0.004093
                 181,            0.048202,            0.011868,           0.0056766,             0.32138,             0.31325,             0.22086,            0.082807,            0.071051,            0.017133,            0.056394,             0.00406,             0.00406,             0.00406
                 182,            0.049344,            0.010564,           0.0048275,             0.16591,             0.32215,             0.19233,            0.080259,            0.072525,            0.017632,            0.052778,            0.004027,            0.004027,            0.004027
                 183,            0.048761,            0.010854,           0.0052447,             0.24439,             0.35008,             0.24689,            0.087635,             0.07243,            0.017372,              0.0434,            0.003994,            0.003994,            0.003994
                 184,            0.048218,            0.011128,           0.0050861,             0.23573,             0.32018,             0.21681,            0.085711,            0.072702,            0.016574,            0.055613,            0.003961,            0.003961,            0.003961
                 185,            0.048477,            0.010004,           0.0057963,             0.24748,             0.33338,             0.20981,            0.084007,            0.071539,            0.016042,            0.055335,            0.003928,            0.003928,            0.003928
                 186,            0.048221,             0.01022,           0.0044705,             0.37364,             0.25877,             0.26687,            0.099555,            0.072918,            0.015652,             0.03571,            0.003895,            0.003895,            0.003895
                 187,             0.05011,            0.010873,           0.0053847,             0.36906,             0.26266,             0.31414,             0.12204,            0.070626,            0.016275,            0.035765,            0.003862,            0.003862,            0.003862
                 188,            0.048805,            0.011486,           0.0049967,             0.23762,             0.38905,             0.27311,             0.10397,            0.070507,            0.016838,            0.045731,            0.003829,            0.003829,            0.003829
                 189,            0.048553,            0.010832,           0.0052601,             0.40316,             0.23121,             0.25011,             0.10594,            0.069999,            0.017178,            0.042104,            0.003796,            0.003796,            0.003796
                 190,            0.047395,            0.011135,           0.0054284,             0.31614,              0.3076,              0.2611,             0.10885,            0.071663,            0.016741,            0.038912,            0.003763,            0.003763,            0.003763
                 191,            0.047127,            0.011097,           0.0049982,             0.33996,             0.31985,             0.28481,             0.10553,            0.072645,            0.017663,            0.030384,             0.00373,             0.00373,             0.00373
                 192,            0.045211,            0.010466,           0.0052299,             0.44051,             0.28268,             0.28322,            0.098389,            0.073984,            0.016796,            0.025071,            0.003697,            0.003697,            0.003697
                 193,            0.046726,            0.010042,           0.0051413,             0.31996,             0.21629,             0.22709,             0.08475,            0.077631,            0.015652,            0.029254,            0.003664,            0.003664,            0.003664
                 194,            0.046633,            0.011232,           0.0048392,             0.23308,              0.3117,              0.2376,            0.081759,            0.077593,            0.015482,            0.037879,            0.003631,            0.003631,            0.003631
                 195,             0.04861,            0.010764,           0.0064381,             0.62251,             0.24695,             0.29213,             0.10338,             0.07433,            0.015353,            0.040984,            0.003598,            0.003598,            0.003598
                 196,             0.04601,            0.010681,           0.0054904,             0.27149,             0.39502,             0.24938,            0.098414,            0.072926,            0.015368,            0.045788,            0.003565,            0.003565,            0.003565
                 197,            0.045601,            0.010136,           0.0048324,              0.3024,             0.40114,             0.27807,             0.11902,            0.071189,            0.015597,            0.039541,            0.003532,            0.003532,            0.003532
                 198,            0.047802,            0.011734,           0.0051949,             0.33133,             0.34926,             0.29469,             0.10008,            0.073711,            0.017724,            0.030622,            0.003499,            0.003499,            0.003499
                 199,            0.045325,            0.011343,           0.0047876,             0.36977,              0.3223,             0.29778,             0.10581,            0.073557,            0.018155,            0.039344,            0.003466,            0.003466,            0.003466
                 200,            0.047291,           0.0099608,           0.0049229,              0.4773,             0.28127,             0.27778,              0.1022,            0.073105,            0.017711,             0.04187,            0.003433,            0.003433,            0.003433
                 201,            0.046865,            0.011019,           0.0054413,             0.40453,             0.32204,             0.28346,             0.10657,            0.073623,            0.017326,            0.045123,              0.0034,              0.0034,              0.0034
                 202,            0.046151,            0.010356,           0.0049997,             0.28628,             0.33946,             0.26248,            0.094306,            0.074756,            0.018172,            0.049078,            0.003367,            0.003367,            0.003367
                 203,            0.045013,             0.01055,           0.0048913,             0.46947,             0.24673,             0.23651,            0.083401,            0.075991,             0.01863,            0.058257,            0.003334,            0.003334,            0.003334
                 204,            0.043952,            0.010328,            0.004302,             0.48785,              0.2822,             0.29861,             0.11258,            0.073602,             0.01976,            0.043374,            0.003301,            0.003301,            0.003301
                 205,            0.044873,            0.010079,             0.00436,              0.2396,             0.31087,             0.25566,             0.10031,            0.072908,            0.019518,            0.042065,            0.003268,            0.003268,            0.003268
                 206,            0.044472,            0.010748,           0.0043215,             0.19917,             0.32966,             0.22845,            0.086894,            0.071627,            0.018561,            0.041411,            0.003235,            0.003235,            0.003235
                 207,            0.045566,            0.010192,           0.0043767,             0.26683,             0.38516,             0.27173,             0.10731,            0.069887,            0.018483,            0.034741,            0.003202,            0.003202,            0.003202
                 208,            0.046175,            0.011551,           0.0048659,             0.42124,             0.34992,             0.32944,             0.12234,            0.070045,            0.018717,            0.029398,            0.003169,            0.003169,            0.003169
                 209,            0.043552,            0.012382,           0.0053392,             0.36317,             0.33764,             0.29643,             0.11948,            0.069534,            0.017871,            0.040115,            0.003136,            0.003136,            0.003136
                 210,            0.044409,            0.010632,           0.0044786,             0.43143,             0.32475,             0.33203,             0.12238,            0.069894,            0.017511,            0.037782,            0.003103,            0.003103,            0.003103
                 211,            0.046323,            0.010984,           0.0048466,              0.3291,             0.39201,             0.32306,             0.12792,            0.067857,            0.018242,            0.029464,             0.00307,             0.00307,             0.00307
                 212,            0.042936,           0.0094879,           0.0043787,             0.34111,             0.34926,             0.31069,             0.10707,            0.069828,            0.016716,            0.031283,            0.003037,            0.003037,            0.003037
                 213,            0.046481,            0.011349,           0.0055341,             0.46845,             0.29817,              0.3083,             0.10971,             0.07011,            0.016319,            0.036082,            0.003004,            0.003004,            0.003004
                 214,            0.044309,            0.010979,           0.0047228,             0.41423,             0.34228,             0.30041,            0.099074,             0.07288,            0.016375,            0.035468,            0.002971,            0.002971,            0.002971
                 215,            0.044391,            0.011075,           0.0047851,             0.37803,             0.39669,             0.31768,             0.11083,            0.071925,            0.016459,            0.029591,            0.002938,            0.002938,            0.002938
                 216,            0.045996,           0.0096024,           0.0047573,              0.4051,             0.35173,             0.31106,              0.1234,            0.070786,            0.016056,             0.02956,            0.002905,            0.002905,            0.002905
                 217,            0.045178,            0.010066,           0.0043533,             0.58642,             0.33455,             0.35165,             0.13282,            0.069556,            0.016529,            0.033166,            0.002872,            0.002872,            0.002872
                 218,             0.04354,            0.010465,           0.0049093,             0.34772,             0.41217,             0.32353,             0.12429,            0.070252,             0.01614,            0.042319,            0.002839,            0.002839,            0.002839
                 219,            0.043517,           0.0093556,           0.0049619,             0.42101,             0.28145,             0.27527,             0.10714,            0.071763,            0.018895,             0.03676,            0.002806,            0.002806,            0.002806
                 220,            0.043885,            0.010468,            0.004966,             0.56127,             0.28922,             0.29243,            0.095097,            0.072583,            0.018687,            0.043123,            0.002773,            0.002773,            0.002773
                 221,            0.045533,            0.010588,           0.0050064,             0.29589,             0.33766,             0.25687,            0.094262,            0.072146,            0.017832,              0.0535,             0.00274,             0.00274,             0.00274
                 222,            0.044113,            0.010722,           0.0045619,             0.30242,             0.36587,             0.26484,             0.10042,            0.071858,            0.018312,            0.049204,            0.002707,            0.002707,            0.002707
                 223,            0.042998,             0.01022,           0.0042907,             0.31845,             0.33088,              0.2533,             0.09875,            0.072102,            0.017839,            0.050308,            0.002674,            0.002674,            0.002674
                 224,              0.0433,            0.010027,           0.0044448,              0.2485,             0.33619,             0.24849,             0.10714,            0.071371,            0.017925,             0.03828,            0.002641,            0.002641,            0.002641
                 225,            0.043191,           0.0097416,           0.0041908,             0.31513,             0.38279,             0.25561,            0.095819,            0.072843,             0.01665,            0.047931,            0.002608,            0.002608,            0.002608
                 226,            0.044448,            0.010898,           0.0046243,             0.31792,             0.25986,             0.21941,            0.087846,            0.074023,            0.015614,             0.05799,            0.002575,            0.002575,            0.002575
                 227,            0.043703,            0.010514,           0.0049165,             0.32317,             0.36479,             0.27407,              0.1096,            0.072563,             0.01562,            0.048766,            0.002542,            0.002542,            0.002542
                 228,            0.044187,            0.010321,           0.0045418,             0.35897,             0.38285,             0.29459,             0.11199,            0.072998,            0.016057,            0.047104,            0.002509,            0.002509,            0.002509
                 229,            0.042975,            0.010314,           0.0047259,             0.36104,             0.39802,             0.32212,             0.11537,            0.071981,            0.016823,            0.034835,            0.002476,            0.002476,            0.002476
                 230,            0.042401,            0.010427,           0.0043164,             0.39591,             0.46106,             0.36175,             0.15056,             0.06807,             0.01611,            0.028558,            0.002443,            0.002443,            0.002443
                 231,              0.0409,           0.0099318,           0.0041012,             0.43589,             0.43668,             0.36066,             0.15459,            0.067277,            0.016447,              0.0295,             0.00241,             0.00241,             0.00241
                 232,            0.041886,             0.00925,           0.0047054,             0.46362,             0.41585,             0.35748,              0.1442,            0.068972,            0.017121,            0.026221,            0.002377,            0.002377,            0.002377
                 233,            0.043667,           0.0097716,           0.0053645,             0.40563,             0.39755,             0.33333,             0.12552,             0.07012,            0.017583,            0.027848,            0.002344,            0.002344,            0.002344
                 234,            0.041237,           0.0096123,           0.0043588,             0.37957,             0.40509,             0.32839,             0.12541,             0.06985,            0.016701,            0.025651,            0.002311,            0.002311,            0.002311
                 235,            0.041455,           0.0096546,           0.0044776,             0.29428,             0.40888,             0.30728,             0.11031,            0.072821,            0.016627,              0.0349,            0.002278,            0.002278,            0.002278
                 236,            0.041791,            0.009707,           0.0043103,             0.37985,              0.3939,             0.31548,             0.11707,            0.070447,            0.017009,            0.027274,            0.002245,            0.002245,            0.002245
                 237,            0.041579,            0.010085,           0.0041849,             0.33526,             0.40972,             0.31441,             0.12382,            0.070982,            0.016573,            0.038177,            0.002212,            0.002212,            0.002212
                 238,            0.042372,           0.0096603,           0.0047199,             0.35161,             0.37418,             0.29204,             0.11244,            0.072389,             0.01652,             0.04625,            0.002179,            0.002179,            0.002179
                 239,            0.041193,            0.010348,           0.0042009,             0.46899,             0.40495,             0.39534,             0.14423,            0.068399,            0.017222,            0.025736,            0.002146,            0.002146,            0.002146
                 240,             0.04124,           0.0099472,           0.0047257,             0.54093,             0.38644,              0.3986,             0.14091,            0.069322,            0.018224,            0.026135,            0.002113,            0.002113,            0.002113
                 241,            0.042382,           0.0099795,           0.0043068,             0.44436,             0.41584,             0.35161,             0.13499,            0.069549,            0.019014,            0.026341,             0.00208,             0.00208,             0.00208
                 242,             0.04196,           0.0092702,           0.0043718,             0.41498,             0.42198,             0.36514,             0.13276,            0.070142,            0.019424,            0.026343,            0.002047,            0.002047,            0.002047
                 243,            0.042804,            0.010506,            0.004619,             0.40092,             0.39139,             0.30954,             0.11651,            0.072557,            0.018253,            0.029972,            0.002014,            0.002014,            0.002014
                 244,            0.041594,           0.0093996,           0.0042061,             0.39348,             0.43629,             0.31224,             0.11495,            0.072819,            0.018012,            0.035909,            0.001981,            0.001981,            0.001981
                 245,            0.041235,            0.010188,            0.004329,             0.42655,             0.39567,             0.33806,              0.1241,            0.071062,            0.018356,            0.035837,            0.001948,            0.001948,            0.001948
                 246,            0.040828,            0.010014,           0.0041564,             0.41008,             0.34025,             0.28919,             0.10661,            0.071774,            0.017946,            0.037503,            0.001915,            0.001915,            0.001915
                 247,            0.043142,           0.0098296,           0.0046133,             0.34037,             0.34763,             0.28891,             0.10045,            0.072572,            0.018234,            0.032631,            0.001882,            0.001882,            0.001882
                 248,            0.040964,           0.0093259,           0.0045795,             0.31694,             0.32201,             0.28091,            0.096357,            0.072657,            0.018832,             0.04037,            0.001849,            0.001849,            0.001849
                 249,            0.040352,           0.0095018,           0.0042102,             0.31468,             0.35668,             0.24405,            0.089776,            0.074087,            0.018737,            0.053113,            0.001816,            0.001816,            0.001816
                 250,            0.040168,            0.010001,           0.0043903,             0.32008,             0.35866,             0.26368,             0.10348,            0.072883,            0.018904,            0.051621,            0.001783,            0.001783,            0.001783
                 251,            0.040484,           0.0099428,           0.0045385,             0.36237,             0.36397,             0.30663,             0.11579,            0.072057,            0.019046,            0.040327,             0.00175,             0.00175,             0.00175
                 252,            0.041662,           0.0096231,           0.0042507,             0.36861,             0.35539,             0.29483,             0.10655,            0.073423,            0.019021,            0.034412,            0.001717,            0.001717,            0.001717
                 253,            0.040322,             0.01012,           0.0044072,               0.369,              0.3701,             0.29727,             0.11015,            0.072431,            0.018696,            0.032471,            0.001684,            0.001684,            0.001684
                 254,            0.039733,           0.0091492,           0.0044133,             0.33823,             0.39175,             0.30225,             0.11875,            0.071246,            0.018164,            0.033769,            0.001651,            0.001651,            0.001651
                 255,            0.039617,           0.0098159,           0.0044054,             0.33546,              0.3701,             0.29854,             0.11486,            0.071562,            0.017812,            0.037265,            0.001618,            0.001618,            0.001618
                 256,            0.038404,           0.0098456,           0.0042357,             0.32437,             0.37092,              0.3048,             0.11321,            0.072363,            0.017611,            0.042622,            0.001585,            0.001585,            0.001585
                 257,            0.038982,           0.0097256,           0.0041458,             0.29755,              0.3415,             0.28768,             0.10498,            0.072525,            0.017355,            0.041944,            0.001552,            0.001552,            0.001552
                 258,            0.039901,           0.0097513,           0.0043621,             0.31861,             0.37565,             0.29463,             0.10758,             0.07197,            0.017902,            0.035418,            0.001519,            0.001519,            0.001519
                 259,            0.039909,           0.0096803,           0.0042891,             0.40899,             0.27655,             0.28958,             0.10911,            0.072399,            0.018613,            0.033471,            0.001486,            0.001486,            0.001486
                 260,            0.039711,            0.010161,           0.0037306,             0.31095,             0.32067,             0.27439,            0.099498,            0.073058,             0.01877,            0.045194,            0.001453,            0.001453,            0.001453
                 261,            0.040197,            0.010051,           0.0042038,             0.36891,             0.38748,             0.30366,             0.11398,             0.07274,             0.01917,            0.034403,             0.00142,             0.00142,             0.00142
                 262,            0.038269,           0.0097581,           0.0043327,             0.37625,             0.41239,             0.31526,             0.11989,            0.071991,            0.018546,            0.030382,            0.001387,            0.001387,            0.001387
                 263,             0.03898,            0.010454,           0.0042274,             0.36674,             0.35115,             0.30273,             0.11653,            0.071759,            0.017701,            0.029175,            0.001354,            0.001354,            0.001354
                 264,            0.039798,           0.0098889,           0.0046062,             0.32916,             0.33292,             0.29267,              0.1066,            0.073644,            0.017843,            0.032336,            0.001321,            0.001321,            0.001321
                 265,            0.039475,           0.0099319,           0.0042736,             0.32041,             0.31481,             0.27513,              0.1087,            0.073666,            0.017952,            0.036749,            0.001288,            0.001288,            0.001288
                 266,            0.039896,           0.0094149,           0.0063001,             0.36982,             0.40264,             0.29105,             0.11481,             0.07226,            0.018823,            0.034171,            0.001255,            0.001255,            0.001255
                 267,            0.038959,           0.0097574,           0.0044049,              0.3732,               0.386,             0.29614,             0.11295,            0.072028,            0.019291,            0.030638,            0.001222,            0.001222,            0.001222
                 268,            0.039583,            0.010151,              0.0045,             0.37123,             0.39425,             0.31048,             0.11968,               0.072,            0.019276,            0.031187,            0.001189,            0.001189,            0.001189
                 269,            0.039117,            0.009584,           0.0045793,             0.36719,             0.38639,             0.29636,             0.11837,            0.071537,            0.019139,             0.03518,            0.001156,            0.001156,            0.001156
                 270,            0.039816,           0.0090418,           0.0044008,             0.36602,             0.40809,             0.28587,             0.11408,            0.072266,            0.018762,             0.03639,            0.001123,            0.001123,            0.001123
                 271,            0.038121,           0.0093764,           0.0044763,             0.38532,             0.38045,             0.30644,             0.11654,            0.071468,            0.018636,            0.034335,             0.00109,             0.00109,             0.00109
                 272,            0.041158,            0.010866,           0.0044987,             0.40485,               0.374,             0.28933,             0.10888,            0.072003,            0.018303,            0.035661,            0.001057,            0.001057,            0.001057
                 273,            0.038715,            0.010375,           0.0039979,             0.39273,             0.39574,             0.29306,             0.10919,            0.071656,            0.017941,            0.037553,            0.001024,            0.001024,            0.001024
                 274,            0.037337,           0.0099069,           0.0040479,             0.34699,             0.32761,             0.29026,             0.10587,            0.072772,            0.017873,            0.039321,            0.000991,            0.000991,            0.000991
                 275,             0.03651,            0.009102,           0.0038836,             0.33535,             0.34845,             0.29719,             0.10663,            0.072602,            0.017826,            0.037736,            0.000958,            0.000958,            0.000958
                 276,            0.038919,            0.009635,           0.0040055,             0.34003,              0.3324,             0.30476,             0.11467,            0.072705,             0.01822,            0.038082,            0.000925,            0.000925,            0.000925
                 277,            0.037464,           0.0093866,           0.0041968,             0.32638,             0.32615,             0.28215,              0.1073,            0.073137,            0.018309,            0.035988,            0.000892,            0.000892,            0.000892
                 278,            0.038021,            0.008959,           0.0040352,             0.35174,             0.34545,             0.31365,             0.11253,            0.072939,            0.018163,            0.034435,            0.000859,            0.000859,            0.000859
                 279,            0.037254,           0.0095775,           0.0041191,             0.35892,             0.35917,             0.29776,             0.11336,            0.073223,            0.018232,            0.031041,            0.000826,            0.000826,            0.000826
                 280,            0.036684,           0.0089176,           0.0038334,             0.39352,              0.3701,             0.30735,              0.1072,            0.073221,            0.017812,            0.029522,            0.000793,            0.000793,            0.000793
                 281,            0.038056,           0.0098459,           0.0040923,             0.34436,             0.34762,             0.28213,             0.10455,            0.073354,            0.018149,            0.032608,             0.00076,             0.00076,             0.00076
                 282,            0.036805,           0.0084921,           0.0037336,             0.39998,             0.35621,             0.30889,             0.10998,            0.072812,            0.018458,            0.034678,            0.000727,            0.000727,            0.000727
                 283,            0.038291,           0.0088968,           0.0049047,             0.33021,              0.3415,             0.30052,             0.10505,            0.073627,            0.018629,            0.036198,            0.000694,            0.000694,            0.000694
                 284,            0.037105,           0.0086957,           0.0041866,             0.32416,             0.32761,              0.3087,             0.10555,            0.073762,            0.019018,            0.039032,            0.000661,            0.000661,            0.000661
                 285,            0.037428,           0.0084178,           0.0039685,             0.33765,             0.32761,             0.29228,             0.10246,            0.074166,             0.01918,            0.037958,            0.000628,            0.000628,            0.000628
                 286,            0.036716,           0.0093399,           0.0037764,             0.32455,              0.3342,             0.29493,             0.10173,            0.073928,            0.019429,            0.035824,            0.000595,            0.000595,            0.000595
                 287,             0.03678,           0.0090027,           0.0041755,             0.33305,             0.34926,             0.28801,             0.10282,            0.074173,            0.019529,            0.036069,            0.000562,            0.000562,            0.000562
                 288,            0.037767,            0.009651,           0.0039855,             0.33654,             0.32067,             0.26833,            0.097818,            0.074459,            0.019543,             0.03533,            0.000529,            0.000529,            0.000529
                 289,            0.036529,           0.0088176,           0.0043231,             0.34169,             0.37651,             0.27659,             0.10521,            0.073385,            0.019413,            0.034291,            0.000496,            0.000496,            0.000496
                 290,            0.037874,           0.0095033,           0.0040089,             0.39079,             0.40653,             0.28078,             0.10439,            0.073974,            0.019383,            0.036074,            0.000463,            0.000463,            0.000463
                 291,            0.037232,            0.010336,           0.0040515,               0.386,             0.38929,              0.2922,             0.10546,            0.073738,             0.01919,            0.036218,             0.00043,             0.00043,             0.00043
                 292,            0.036967,            0.010014,           0.0051621,             0.34223,             0.35703,             0.27568,             0.10276,            0.073435,            0.019279,             0.03425,            0.000397,            0.000397,            0.000397
                 293,            0.035755,           0.0094582,           0.0037187,             0.32783,             0.38025,             0.27465,             0.10584,            0.073298,            0.019187,            0.035382,            0.000364,            0.000364,            0.000364
                 294,            0.037099,           0.0090517,           0.0040149,             0.32229,             0.37092,             0.28039,             0.10837,            0.073543,            0.018949,             0.03698,            0.000331,            0.000331,            0.000331
                 295,            0.036264,            0.009799,             0.00346,             0.30351,             0.36315,             0.26692,             0.10663,            0.073407,            0.018849,            0.036007,            0.000298,            0.000298,            0.000298
                 296,            0.036566,            0.010283,           0.0038073,             0.30563,             0.36368,             0.26908,             0.10654,             0.07339,            0.018938,            0.036342,            0.000265,            0.000265,            0.000265
                 297,            0.037422,           0.0090779,           0.0042928,             0.33258,             0.36964,             0.26223,              0.1042,            0.073617,            0.018886,            0.037487,            0.000232,            0.000232,            0.000232
                 298,            0.037025,           0.0095325,           0.0038271,             0.31559,             0.35861,             0.26026,             0.10333,            0.073835,            0.018821,            0.038665,            0.000199,            0.000199,            0.000199
                 299,            0.036027,           0.0092514,           0.0039607,             0.34541,             0.36397,             0.26912,             0.10787,            0.074171,            0.018888,             0.03775,            0.000166,            0.000166,            0.000166
